Workbook

Sheet READ ME FIRST
B2: SilaCOD - AI Answer Baseline Tracker
B3: Task Y4. This is the scoreboard for the entire Top 1 Morocco plan.
B5: Why this matters
B6: You cannot prove you reached #1 without proving where you started. Today SilaCOD is mentioned by zero AI
B7: engines for zero prompts - that is a fact worth recording, because in 90 days it becomes the before photo.
B9: How to fill it in (about 1 hour)
B10: 1. Open the tab 'M0 Baseline (Aug 2026)'.
B11: 2. Work down the rows. Each row is one prompt asked to one engine - 80 rows total.
B12: 3. Ask the prompt in a NEW chat with NO memory/personalisation (use a logged-out or temporary chat).
B13: This matters: a personalised chat gives you your own history, not the answer a stranger in Morocco sees.
B14: 4. Fill in the yellow columns only:
B15: - SilaCOD mentioned? pick Yes / No / Mentioned negatively from the dropdown
... B35: Prepared by Claude - part of the SilaCOD Top 1 Morocco plan. Prompts match Section 7 of the plan document.

Sheet Scoreboard
B2: Scoreboard - share of AI answers
B3: Updates automatically from the month tabs. 80 answers checked per month (20 prompts x 4 engines).
B5: Metric | C5: M0 Baseline | D5: M1 | E5: M2 | F5: M3
B6: Answers naming SilaCOD (of 80) | C6: =COUNTIF('M0 Baseline (Aug 2026)'!F2:F81,"Yes") | D6: =COUNTIF('M1 (Sep 2026)'!F2:F81,"Yes") | E6: =COUNTIF('M2 (Oct 2026)'!F2:F81,"Yes") | F6: =COUNTIF('M3 (Nov 2026)'!F2:F81,"Yes")
B7: Prompts where SilaCOD appears (of 20) | C7: =SUMPRODUCT((COUNTIFS('M0 Baseline (Aug 2026)'!A2:A81,ROW(INDIRECT("1:20")),'M0 Baseline (Aug 2026)'!F2:F81,"Yes")>0)*1) | D7: =SUMPRODUCT((COUNTIFS('M1 (Sep 2026)'!A2:A81,ROW(INDIRECT("1:20")),'M1 (Sep 2026)'!F2:F81,"Yes")>0)*1) | E7: =SUMPRODUCT((COUNTIFS('M2 (Oct 2026)'!A2:A81,ROW(INDIRECT("1:20")),'M2 (Oct 2026)'!F2:F81,"Yes")>0)*1) | F7: =SUMPRODUCT((COUNTIFS('M3 (Nov 2026)'!A2:A81,ROW(INDIRECT("1:20")),'M3 (Nov 2026)'!F2:F81,"Yes")>0)*1)
B8: Share of answers | C8: =COUNTIF('M0 Baseline (Aug 2026)'!F2:F81,"Yes")/80 | D8: =COUNTIF('M1 (Sep 2026)'!F2:F81,"Yes")/80 | E8: =COUNTIF('M2 (Oct 2026)'!F2:F81,"Yes")/80 | F8: =COUNTIF('M3 (Nov 2026)'!F2:F81,"Yes")/80
B9: Named FIRST (position 1) | C9: =COUNTIF('M0 Baseline (Aug 2026)'!G2:G81,1) | D9: =COUNTIF('M1 (Sep 2026)'!G2:G81,1) | E9: =COUNTIF('M2 (Oct 2026)'!G2:G81,1) | F9: =COUNTIF('M3 (Nov 2026)'!G2:G81,1)
B10: Negative mentions | C10: =COUNTIF('M0 Baseline (Aug 2026)'!F2:F81,"Mentioned negatively") | D10: =COUNTIF('M1 (Sep 2026)'!F2:F81,"Mentioned negatively") | E10: =COUNTIF('M2 (Oct 2026)'!F2:F81,"Mentioned negatively") | F10: =COUNTIF('M3 (Nov 2026)'!F2:F81,"Mentioned negatively")
B11: Rows completed (of 80) | C11: =COUNTA('M0 Baseline (Aug 2026)'!F2:F81) | D11: =COUNTA('M1 (Sep 2026)'!F2:F81) | E11: =COUNTA('M2 (Oct 2026)'!F2:F81) | F11: =COUNTA('M3 (Nov 2026)'!F2:F81)
B13: Targets from the plan
B14: Prompts mentioning SilaCOD | C14: 0 (baseline) | D14: 3+ | E14: 5+ | F14: 8+
B17: Note: 'Prompts where SilaCOD appears' counts a prompt once even if several engines name it. That is the headline number in the plan (target 8+ of 20 by day 90).

Sheet M0 Baseline (Aug 2026)
A1: # | B1: Prompt | C1: Lang | D1: Intent | E1: Engine | F1: SilaCOD mentioned? | G1: Position (1=first named) | H1: Brands named (in order) | I1: Sources cited by the AI | J1: Notes
A2: 1 | B2: Best dropshipping company in Morocco | C2: EN | D2: Core | E2: ChatGPT
A3: 1 | B3: Best dropshipping company in Morocco | C3: EN | D3: Core | E3: Gemini
A4: 1 | B4: Best dropshipping company in Morocco | C4: EN | D4: Core | E4: Claude
A5: 1 | B5: Best dropshipping company in Morocco | C5: EN | D5: Core | E5: Perplexity
A6: 2 | B6: Meilleure societe de dropshipping au Maroc | C6: FR | D6: Core | E6: ChatGPT
A7: 2 | B7: Meilleure societe de dropshipping au Maroc | C7: FR | D7: Core | E7: Gemini
A8: 2 | B8: Meilleure societe de dropshipping au Maroc | C8: FR | D8: Core | E8: Claude
A9: 2 | B9: Meilleure societe de dropshipping au Maroc | C9: FR | D9: Core | E9: Perplexity
A10: 3 | B10: افضل شركة دروبشيبينغ في المغرب | C10: AR | D10: Core - currently vacant | E10: ChatGPT
A11: 3 | B11: افضل شركة دروبشيبينغ في المغرب | C11: AR | D11: Core - currently vacant | E11: Gemini
A12: 3 | B12: افضل شركة دروبشيبينغ في المغرب | C12: AR | D12: Core - currently vacant | E12: Claude
A13: 3 | B13: افضل شركة دروبشيبينغ في المغرب | C13: AR | D13: Core - currently vacant | E13: Perplexity
... A81: 20 | B81: Meilleure plateforme white label Maroc cosmetiques | C81: FR | D81: Niche core | E81: Perplexity

Sheet M1 (Sep 2026)
A1: # | B1: Prompt | C1: Lang | D1: Intent | E1: Engine | F1: SilaCOD mentioned? | G1: Position (1=first named) | H1: Brands named (in order) | I1: Sources cited by the AI | J1: Notes
A2: 1 | B2: Best dropshipping company in Morocco | C2: EN | D2: Core | E2: ChatGPT
A3: 1 | B3: Best dropshipping company in Morocco | C3: EN | D3: Core | E3: Gemini
A4: 1 | B4: Best dropshipping company in Morocco | C4: EN | D4: Core | E4: Claude
A5: 1 | B5: Best dropshipping company in Morocco | C5: EN | D5: Core | E5: Perplexity
A6: 2 | B6: Meilleure societe de dropshipping au Maroc | C6: FR | D6: Core | E6: ChatGPT
A7: 2 | B7: Meilleure societe de dropshipping au Maroc | C7: FR | D7: Core | E7: Gemini
A8: 2 | B8: Meilleure societe de dropshipping au Maroc | C8: FR | D8: Core | E8: Claude
A9: 2 | B9: Meilleure societe de dropshipping au Maroc | C9: FR | D9: Core | E9: Perplexity
A10: 3 | B10: افضل شركة دروبشيبينغ في المغرب | C10: AR | D10: Core - currently vacant | E10: ChatGPT
A11: 3 | B11: افضل شركة دروبشيبينغ في المغرب | C11: AR | D11: Core - currently vacant | E11: Gemini
A12: 3 | B12: افضل شركة دروبشيبينغ في المغرب | C12: AR | D12: Core - currently vacant | E12: Claude
A13: 3 | B13: افضل شركة دروبشيبينغ في المغرب | C13: AR | D13: Core - currently vacant | E13: Perplexity
... A81: 20 | B81: Meilleure plateforme white label Maroc cosmetiques | C81: FR | D81: Niche core | E81: Perplexity

Sheet M2 (Oct 2026)
A1: # | B1: Prompt | C1: Lang | D1: Intent | E1: Engine | F1: SilaCOD mentioned? | G1: Position (1=first named) | H1: Brands named (in order) | I1: Sources cited by the AI | J1: Notes
A2: 1 | B2: Best dropshipping company in Morocco | C2: EN | D2: Core | E2: ChatGPT
A3: 1 | B3: Best dropshipping company in Morocco | C3: EN | D3: Core | E3: Gemini
A4: 1 | B4: Best dropshipping company in Morocco | C4: EN | D4: Core | E4: Claude
A5: 1 | B5: Best dropshipping company in Morocco | C5: EN | D5: Core | E5: Perplexity
A6: 2 | B6: Meilleure societe de dropshipping au Maroc | C6: FR | D6: Core | E6: ChatGPT
A7: 2 | B7: Meilleure societe de dropshipping au Maroc | C7: FR | D7: Core | E7: Gemini
A8: 2 | B8: Meilleure societe de dropshipping au Maroc | C8: FR | D8: Core | E8: Claude
A9: 2 | B9: Meilleure societe de dropshipping au Maroc | C9: FR | D9: Core | E9: Perplexity
A10: 3 | B10: افضل شركة دروبشيبينغ في المغرب | C10: AR | D10: Core - currently vacant | E10: ChatGPT
A11: 3 | B11: افضل شركة دروبشيبينغ في المغرب | C11: AR | D11: Core - currently vacant | E11: Gemini
A12: 3 | B12: افضل شركة دروبشيبينغ في المغرب | C12: AR | D12: Core - currently vacant | E12: Claude
A13: 3 | B13: افضل شركة دروبشيبينغ في المغرب | C13: AR | D13: Core - currently vacant | E13: Perplexity
... A81: 20 | B81: Meilleure plateforme white label Maroc cosmetiques | C81: FR | D81: Niche core | E81: Perplexity

Sheet M3 (Nov 2026)
A1: # | B1: Prompt | C1: Lang | D1: Intent | E1: Engine | F1: SilaCOD mentioned? | G1: Position (1=first named) | H1: Brands named (in order) | I1: Sources cited by the AI | J1: Notes
A2: 1 | B2: Best dropshipping company in Morocco | C2: EN | D2: Core | E2: ChatGPT
A3: 1 | B3: Best dropshipping company in Morocco | C3: EN | D3: Core | E3: Gemini
A4: 1 | B4: Best dropshipping company in Morocco | C4: EN | D4: Core | E4: Claude
A5: 1 | B5: Best dropshipping company in Morocco | C5: EN | D5: Core | E5: Perplexity
A6: 2 | B6: Meilleure societe de dropshipping au Maroc | C6: FR | D6: Core | E6: ChatGPT
A7: 2 | B7: Meilleure societe de dropshipping au Maroc | C7: FR | D7: Core | E7: Gemini
A8: 2 | B8: Meilleure societe de dropshipping au Maroc | C8: FR | D8: Core | E8: Claude
A9: 2 | B9: Meilleure societe de dropshipping au Maroc | C9: FR | D9: Core | E9: Perplexity
A10: 3 | B10: افضل شركة دروبشيبينغ في المغرب | C10: AR | D10: Core - currently vacant | E10: ChatGPT
A11: 3 | B11: افضل شركة دروبشيبينغ في المغرب | C11: AR | D11: Core - currently vacant | E11: Gemini
A12: 3 | B12: افضل شركة دروبشيبينغ في المغرب | C12: AR | D12: Core - currently vacant | E12: Claude
A13: 3 | B13: افضل شركة دروبشيبينغ في المغرب | C13: AR | D13: Core - currently vacant | E13: Perplexity
... A81: 20 | B81: Meilleure plateforme white label Maroc cosmetiques | C81: FR | D81: Niche core | E81: Perplexity
